PRINT '------------------------EMPIEZA A INSERTAR LOS PAISES-------------------------'
IF (SELECT COUNT(*) FROM PAI_PAIS WHERE PAI_NAME='BULGARIA') =0  BEGIN INSERT INTO PAI_PAIS(PAI_CODE_ISO,PAI_NAME) VALUES(100,'BULGARIA')END  ELSE BEGIN PRINT 'EL VALOR YA EXISTE' END
IF (SELECT COUNT(*) FROM PAI_PAIS WHERE PAI_NAME='CAMBODIA') =0  BEGIN INSERT INTO PAI_PAIS(PAI_CODE_ISO,PAI_NAME) VALUES(116,'CAMBODIA')END  ELSE BEGIN PRINT 'EL VALOR YA EXISTE' END
IF (SELECT COUNT(*) FROM PAI_PAIS WHERE PAI_NAME='ALGERIA') =0  BEGIN INSERT INTO PAI_PAIS(PAI_CODE_ISO,PAI_NAME) VALUES(12,'ALGERIA')END  ELSE BEGIN PRINT 'EL VALOR YA EXISTE' END
IF (SELECT COUNT(*) FROM PAI_PAIS WHERE PAI_NAME='CAMEROON') =0  BEGIN INSERT INTO PAI_PAIS(PAI_CODE_ISO,PAI_NAME) VALUES(120,'CAMEROON')END  ELSE BEGIN PRINT 'EL VALOR YA EXISTE' END
IF (SELECT COUNT(*) FROM PAI_PAIS WHERE PAI_NAME='CANADA') =0  BEGIN INSERT INTO PAI_PAIS(PAI_CODE_ISO,PAI_NAME) VALUES(124,'CANADA')END  ELSE BEGIN PRINT 'EL VALOR YA EXISTE' END
IF (SELECT COUNT(*) FROM PAI_PAIS WHERE PAI_NAME='CHILE') =0  BEGIN INSERT INTO PAI_PAIS(PAI_CODE_ISO,PAI_NAME) VALUES(152,'CHILE')END  ELSE BEGIN PRINT 'EL VALOR YA EXISTE' END
IF (SELECT COUNT(*) FROM PAI_PAIS WHERE PAI_NAME='CHINA') =0  BEGIN INSERT INTO PAI_PAIS(PAI_CODE_ISO,PAI_NAME) VALUES(156,'CHINA')END  ELSE BEGIN PRINT 'EL VALOR YA EXISTE' END
IF (SELECT COUNT(*) FROM PAI_PAIS WHERE PAI_NAME='TAIWAN') =0  BEGIN INSERT INTO PAI_PAIS(PAI_CODE_ISO,PAI_NAME) VALUES(158,'TAIWAN')END  ELSE BEGIN PRINT 'EL VALOR YA EXISTE' END
IF (SELECT COUNT(*) FROM PAI_PAIS WHERE PAI_NAME='COLOMBIA') =0  BEGIN INSERT INTO PAI_PAIS(PAI_CODE_ISO,PAI_NAME) VALUES(170,'COLOMBIA')END  ELSE BEGIN PRINT 'EL VALOR YA EXISTE' END
IF (SELECT COUNT(*) FROM PAI_PAIS WHERE PAI_NAME='CONGO') =0  BEGIN INSERT INTO PAI_PAIS(PAI_CODE_ISO,PAI_NAME) VALUES(178,'CONGO')END  ELSE BEGIN PRINT 'EL VALOR YA EXISTE' END
IF (SELECT COUNT(*) FROM PAI_PAIS WHERE PAI_NAME='INDIA') =0  BEGIN INSERT INTO PAI_PAIS(PAI_CODE_ISO,PAI_NAME) VALUES(356,'INDIA')END  ELSE BEGIN PRINT 'EL VALOR YA EXISTE' END
IF (SELECT COUNT(*) FROM PAI_PAIS WHERE PAI_NAME='CUBA') =0  BEGIN INSERT INTO PAI_PAIS(PAI_CODE_ISO,PAI_NAME) VALUES(192,'CUBA')END  ELSE BEGIN PRINT 'EL VALOR YA EXISTE' END
IF (SELECT COUNT(*) FROM PAI_PAIS WHERE PAI_NAME='DOMINICAN REPUBLIC') =0  BEGIN INSERT INTO PAI_PAIS(PAI_CODE_ISO,PAI_NAME) VALUES(214,'DOMINICAN REPUBLIC')END  ELSE BEGIN PRINT 'EL VALOR YA EXISTE' END
IF (SELECT COUNT(*) FROM PAI_PAIS WHERE PAI_NAME='ECUADOR') =0  BEGIN INSERT INTO PAI_PAIS(PAI_CODE_ISO,PAI_NAME) VALUES(218,'ECUADOR')END  ELSE BEGIN PRINT 'EL VALOR YA EXISTE' END
IF (SELECT COUNT(*) FROM PAI_PAIS WHERE PAI_NAME='EL SALVADOR') =0  BEGIN INSERT INTO PAI_PAIS(PAI_CODE_ISO,PAI_NAME) VALUES(222,'EL SALVADOR')END  ELSE BEGIN PRINT 'EL VALOR YA EXISTE' END
IF (SELECT COUNT(*) FROM PAI_PAIS WHERE PAI_NAME='ETHIOPIA') =0  BEGIN INSERT INTO PAI_PAIS(PAI_CODE_ISO,PAI_NAME) VALUES(231,'ETHIOPIA')END  ELSE BEGIN PRINT 'EL VALOR YA EXISTE' END
IF (SELECT COUNT(*) FROM PAI_PAIS WHERE PAI_NAME='ESTONIA') =0  BEGIN INSERT INTO PAI_PAIS(PAI_CODE_ISO,PAI_NAME) VALUES(233,'ESTONIA')END  ELSE BEGIN PRINT 'EL VALOR YA EXISTE' END
IF (SELECT COUNT(*) FROM PAI_PAIS WHERE PAI_NAME='ANGOLA') =0  BEGIN INSERT INTO PAI_PAIS(PAI_CODE_ISO,PAI_NAME) VALUES(24,'ANGOLA')END  ELSE BEGIN PRINT 'EL VALOR YA EXISTE' END
IF (SELECT COUNT(*) FROM PAI_PAIS WHERE PAI_NAME='FINLAND') =0  BEGIN INSERT INTO PAI_PAIS(PAI_CODE_ISO,PAI_NAME) VALUES(246,'FINLAND')END  ELSE BEGIN PRINT 'EL VALOR YA EXISTE' END
IF (SELECT COUNT(*) FROM PAI_PAIS WHERE PAI_NAME='FRANCE') =0  BEGIN INSERT INTO PAI_PAIS(PAI_CODE_ISO,PAI_NAME) VALUES(249,'FRANCE')END  ELSE BEGIN PRINT 'EL VALOR YA EXISTE' END
IF (SELECT COUNT(*) FROM PAI_PAIS WHERE PAI_NAME='GEORGIA') =0  BEGIN INSERT INTO PAI_PAIS(PAI_CODE_ISO,PAI_NAME) VALUES(268,'GEORGIA')END  ELSE BEGIN PRINT 'EL VALOR YA EXISTE' END
IF (SELECT COUNT(*) FROM PAI_PAIS WHERE PAI_NAME='GERMANY') =0  BEGIN INSERT INTO PAI_PAIS(PAI_CODE_ISO,PAI_NAME) VALUES(276,'GERMANY')END  ELSE BEGIN PRINT 'EL VALOR YA EXISTE' END
IF (SELECT COUNT(*) FROM PAI_PAIS WHERE PAI_NAME='ARGENTINA') =0  BEGIN INSERT INTO PAI_PAIS(PAI_CODE_ISO,PAI_NAME) VALUES(32,'ARGENTINA')END  ELSE BEGIN PRINT 'EL VALOR YA EXISTE' END
IF (SELECT COUNT(*) FROM PAI_PAIS WHERE PAI_NAME='GUATEMALA') =0  BEGIN INSERT INTO PAI_PAIS(PAI_CODE_ISO,PAI_NAME) VALUES(320,'GUATEMALA')END  ELSE BEGIN PRINT 'EL VALOR YA EXISTE' END
IF (SELECT COUNT(*) FROM PAI_PAIS WHERE PAI_NAME='HAITI') =0  BEGIN INSERT INTO PAI_PAIS(PAI_CODE_ISO,PAI_NAME) VALUES(332,'HAITI')END  ELSE BEGIN PRINT 'EL VALOR YA EXISTE' END
IF (SELECT COUNT(*) FROM PAI_PAIS WHERE PAI_NAME='HONDURAS') =0  BEGIN INSERT INTO PAI_PAIS(PAI_CODE_ISO,PAI_NAME) VALUES(340,'HONDURAS')END  ELSE BEGIN PRINT 'EL VALOR YA EXISTE' END
IF (SELECT COUNT(*) FROM PAI_PAIS WHERE PAI_NAME='HONG KONG') =0  BEGIN INSERT INTO PAI_PAIS(PAI_CODE_ISO,PAI_NAME) VALUES(344,'HONG KONG')END  ELSE BEGIN PRINT 'EL VALOR YA EXISTE' END
IF (SELECT COUNT(*) FROM PAI_PAIS WHERE PAI_NAME='COSTA RICA') =0  BEGIN INSERT INTO PAI_PAIS(PAI_CODE_ISO,PAI_NAME) VALUES(188,'COSTA RICA')END  ELSE BEGIN PRINT 'EL VALOR YA EXISTE' END
IF (SELECT COUNT(*) FROM PAI_PAIS WHERE PAI_NAME='AUSTRALIA') =0  BEGIN INSERT INTO PAI_PAIS(PAI_CODE_ISO,PAI_NAME) VALUES(36,'AUSTRALIA')END  ELSE BEGIN PRINT 'EL VALOR YA EXISTE' END
IF (SELECT COUNT(*) FROM PAI_PAIS WHERE PAI_NAME='INDONESIA') =0  BEGIN INSERT INTO PAI_PAIS(PAI_CODE_ISO,PAI_NAME) VALUES(360,'INDONESIA')END  ELSE BEGIN PRINT 'EL VALOR YA EXISTE' END
IF (SELECT COUNT(*) FROM PAI_PAIS WHERE PAI_NAME='IRAN') =0  BEGIN INSERT INTO PAI_PAIS(PAI_CODE_ISO,PAI_NAME) VALUES(364,'IRAN')END  ELSE BEGIN PRINT 'EL VALOR YA EXISTE' END
IF (SELECT COUNT(*) FROM PAI_PAIS WHERE PAI_NAME='IRAQ') =0  BEGIN INSERT INTO PAI_PAIS(PAI_CODE_ISO,PAI_NAME) VALUES(368,'IRAQ')END  ELSE BEGIN PRINT 'EL VALOR YA EXISTE' END
IF (SELECT COUNT(*) FROM PAI_PAIS WHERE PAI_NAME='ISRAEL') =0  BEGIN INSERT INTO PAI_PAIS(PAI_CODE_ISO,PAI_NAME) VALUES(376,'ISRAEL')END  ELSE BEGIN PRINT 'EL VALOR YA EXISTE' END
IF (SELECT COUNT(*) FROM PAI_PAIS WHERE PAI_NAME='ITALY') =0  BEGIN INSERT INTO PAI_PAIS(PAI_CODE_ISO,PAI_NAME) VALUES(380,'ITALY')END  ELSE BEGIN PRINT 'EL VALOR YA EXISTE' END
IF (SELECT COUNT(*) FROM PAI_PAIS WHERE PAI_NAME='JAMAICA') =0  BEGIN INSERT INTO PAI_PAIS(PAI_CODE_ISO,PAI_NAME) VALUES(388,'JAMAICA')END  ELSE BEGIN PRINT 'EL VALOR YA EXISTE' END
IF (SELECT COUNT(*) FROM PAI_PAIS WHERE PAI_NAME='JAPAN') =0  BEGIN INSERT INTO PAI_PAIS(PAI_CODE_ISO,PAI_NAME) VALUES(392,'JAPAN')END  ELSE BEGIN PRINT 'EL VALOR YA EXISTE' END
IF (SELECT COUNT(*) FROM PAI_PAIS WHERE PAI_NAME='AFGHANISTAN') =0  BEGIN INSERT INTO PAI_PAIS(PAI_CODE_ISO,PAI_NAME) VALUES(4,'AFGHANISTAN')END  ELSE BEGIN PRINT 'EL VALOR YA EXISTE' END
IF (SELECT COUNT(*) FROM PAI_PAIS WHERE PAI_NAME='AUSTRIA') =0  BEGIN INSERT INTO PAI_PAIS(PAI_CODE_ISO,PAI_NAME) VALUES(40,'AUSTRIA')END  ELSE BEGIN PRINT 'EL VALOR YA EXISTE' END
IF (SELECT COUNT(*) FROM PAI_PAIS WHERE PAI_NAME='KOREA') =0  BEGIN INSERT INTO PAI_PAIS(PAI_CODE_ISO,PAI_NAME) VALUES(408,'KOREA')END  ELSE BEGIN PRINT 'EL VALOR YA EXISTE' END
IF (SELECT COUNT(*) FROM PAI_PAIS WHERE PAI_NAME='KUWAIT') =0  BEGIN INSERT INTO PAI_PAIS(PAI_CODE_ISO,PAI_NAME) VALUES(414,'KUWAIT')END  ELSE BEGIN PRINT 'EL VALOR YA EXISTE' END
IF (SELECT COUNT(*) FROM PAI_PAIS WHERE PAI_NAME='BAHAMAS') =0  BEGIN INSERT INTO PAI_PAIS(PAI_CODE_ISO,PAI_NAME) VALUES(44,'BAHAMAS')END  ELSE BEGIN PRINT 'EL VALOR YA EXISTE' END
IF (SELECT COUNT(*) FROM PAI_PAIS WHERE PAI_NAME='MALAYSIA') =0  BEGIN INSERT INTO PAI_PAIS(PAI_CODE_ISO,PAI_NAME) VALUES(458,'MALAYSIA')END  ELSE BEGIN PRINT 'EL VALOR YA EXISTE' END
IF (SELECT COUNT(*) FROM PAI_PAIS WHERE PAI_NAME='MEXICO') =0  BEGIN INSERT INTO PAI_PAIS(PAI_CODE_ISO,PAI_NAME) VALUES(484,'MEXICO')END  ELSE BEGIN PRINT 'EL VALOR YA EXISTE' END
IF (SELECT COUNT(*) FROM PAI_PAIS WHERE PAI_NAME='MOROCCO') =0  BEGIN INSERT INTO PAI_PAIS(PAI_CODE_ISO,PAI_NAME) VALUES(504,'MOROCCO')END  ELSE BEGIN PRINT 'EL VALOR YA EXISTE' END
IF (SELECT COUNT(*) FROM PAI_PAIS WHERE PAI_NAME='NAMIBIA') =0  BEGIN INSERT INTO PAI_PAIS(PAI_CODE_ISO,PAI_NAME) VALUES(516,'NAMIBIA')END  ELSE BEGIN PRINT 'EL VALOR YA EXISTE' END
IF (SELECT COUNT(*) FROM PAI_PAIS WHERE PAI_NAME='BARBADOS') =0  BEGIN INSERT INTO PAI_PAIS(PAI_CODE_ISO,PAI_NAME) VALUES(52,'BARBADOS')END  ELSE BEGIN PRINT 'EL VALOR YA EXISTE' END
IF (SELECT COUNT(*) FROM PAI_PAIS WHERE PAI_NAME='ARUBA') =0  BEGIN INSERT INTO PAI_PAIS(PAI_CODE_ISO,PAI_NAME) VALUES(533,'ARUBA')END  ELSE BEGIN PRINT 'EL VALOR YA EXISTE' END
IF (SELECT COUNT(*) FROM PAI_PAIS WHERE PAI_NAME='NEW ZEALAND') =0  BEGIN INSERT INTO PAI_PAIS(PAI_CODE_ISO,PAI_NAME) VALUES(554,'NEW ZEALAND')END  ELSE BEGIN PRINT 'EL VALOR YA EXISTE' END
IF (SELECT COUNT(*) FROM PAI_PAIS WHERE PAI_NAME='NICARAGUA') =0  BEGIN INSERT INTO PAI_PAIS(PAI_CODE_ISO,PAI_NAME) VALUES(558,'NICARAGUA')END  ELSE BEGIN PRINT 'EL VALOR YA EXISTE' END
IF (SELECT COUNT(*) FROM PAI_PAIS WHERE PAI_NAME='BELGIUM') =0  BEGIN INSERT INTO PAI_PAIS(PAI_CODE_ISO,PAI_NAME) VALUES(56,'BELGIUM')END  ELSE BEGIN PRINT 'EL VALOR YA EXISTE' END
IF (SELECT COUNT(*) FROM PAI_PAIS WHERE PAI_NAME='NIGERIA') =0  BEGIN INSERT INTO PAI_PAIS(PAI_CODE_ISO,PAI_NAME) VALUES(566,'NIGERIA')END  ELSE BEGIN PRINT 'EL VALOR YA EXISTE' END
IF (SELECT COUNT(*) FROM PAI_PAIS WHERE PAI_NAME='PAKISTAN') =0  BEGIN INSERT INTO PAI_PAIS(PAI_CODE_ISO,PAI_NAME) VALUES(586,'PAKISTAN')END  ELSE BEGIN PRINT 'EL VALOR YA EXISTE' END
IF (SELECT COUNT(*) FROM PAI_PAIS WHERE PAI_NAME='PANAMA') =0  BEGIN INSERT INTO PAI_PAIS(PAI_CODE_ISO,PAI_NAME) VALUES(591,'PANAMA')END  ELSE BEGIN PRINT 'EL VALOR YA EXISTE' END
IF (SELECT COUNT(*) FROM PAI_PAIS WHERE PAI_NAME='BERMUDA') =0  BEGIN INSERT INTO PAI_PAIS(PAI_CODE_ISO,PAI_NAME) VALUES(60,'BERMUDA')END  ELSE BEGIN PRINT 'EL VALOR YA EXISTE' END
IF (SELECT COUNT(*) FROM PAI_PAIS WHERE PAI_NAME='PARAGUAY') =0  BEGIN INSERT INTO PAI_PAIS(PAI_CODE_ISO,PAI_NAME) VALUES(600,'PARAGUAY')END  ELSE BEGIN PRINT 'EL VALOR YA EXISTE' END
IF (SELECT COUNT(*) FROM PAI_PAIS WHERE PAI_NAME='PERU') =0  BEGIN INSERT INTO PAI_PAIS(PAI_CODE_ISO,PAI_NAME) VALUES(604,'PERU')END  ELSE BEGIN PRINT 'EL VALOR YA EXISTE' END
IF (SELECT COUNT(*) FROM PAI_PAIS WHERE PAI_NAME='PHILIPPINES') =0  BEGIN INSERT INTO PAI_PAIS(PAI_CODE_ISO,PAI_NAME) VALUES(608,'PHILIPPINES')END  ELSE BEGIN PRINT 'EL VALOR YA EXISTE' END
IF (SELECT COUNT(*) FROM PAI_PAIS WHERE PAI_NAME='POLAND') =0  BEGIN INSERT INTO PAI_PAIS(PAI_CODE_ISO,PAI_NAME) VALUES(616,'POLAND')END  ELSE BEGIN PRINT 'EL VALOR YA EXISTE' END
IF (SELECT COUNT(*) FROM PAI_PAIS WHERE PAI_NAME='PORTUGAL') =0  BEGIN INSERT INTO PAI_PAIS(PAI_CODE_ISO,PAI_NAME) VALUES(620,'PORTUGAL')END  ELSE BEGIN PRINT 'EL VALOR YA EXISTE' END
IF (SELECT COUNT(*) FROM PAI_PAIS WHERE PAI_NAME='PUERTO RICO') =0  BEGIN INSERT INTO PAI_PAIS(PAI_CODE_ISO,PAI_NAME) VALUES(630,'PUERTO RICO')END  ELSE BEGIN PRINT 'EL VALOR YA EXISTE' END
IF (SELECT COUNT(*) FROM PAI_PAIS WHERE PAI_NAME='ROMANIA') =0  BEGIN INSERT INTO PAI_PAIS(PAI_CODE_ISO,PAI_NAME) VALUES(642,'ROMANIA')END  ELSE BEGIN PRINT 'EL VALOR YA EXISTE' END
IF (SELECT COUNT(*) FROM PAI_PAIS WHERE PAI_NAME='BOLIVIA') =0  BEGIN INSERT INTO PAI_PAIS(PAI_CODE_ISO,PAI_NAME) VALUES(68,'BOLIVIA')END  ELSE BEGIN PRINT 'EL VALOR YA EXISTE' END
IF (SELECT COUNT(*) FROM PAI_PAIS WHERE PAI_NAME='SAUDI ARABIA') =0  BEGIN INSERT INTO PAI_PAIS(PAI_CODE_ISO,PAI_NAME) VALUES(682,'SAUDI ARABIA')END  ELSE BEGIN PRINT 'EL VALOR YA EXISTE' END
IF (SELECT COUNT(*) FROM PAI_PAIS WHERE PAI_NAME='SOUTH AFRICA') =0  BEGIN INSERT INTO PAI_PAIS(PAI_CODE_ISO,PAI_NAME) VALUES(710,'SOUTH AFRICA')END  ELSE BEGIN PRINT 'EL VALOR YA EXISTE' END
IF (SELECT COUNT(*) FROM PAI_PAIS WHERE PAI_NAME='SPAIN') =0  BEGIN INSERT INTO PAI_PAIS(PAI_CODE_ISO,PAI_NAME) VALUES(724,'SPAIN')END  ELSE BEGIN PRINT 'EL VALOR YA EXISTE' END
IF (SELECT COUNT(*) FROM PAI_PAIS WHERE PAI_NAME='SWAZILAND') =0  BEGIN INSERT INTO PAI_PAIS(PAI_CODE_ISO,PAI_NAME) VALUES(748,'SWAZILAND')END  ELSE BEGIN PRINT 'EL VALOR YA EXISTE' END
IF (SELECT COUNT(*) FROM PAI_PAIS WHERE PAI_NAME='SWITZERLAND') =0  BEGIN INSERT INTO PAI_PAIS(PAI_CODE_ISO,PAI_NAME) VALUES(756,'SWITZERLAND')END  ELSE BEGIN PRINT 'EL VALOR YA EXISTE' END
IF (SELECT COUNT(*) FROM PAI_PAIS WHERE PAI_NAME='BRAZIL') =0  BEGIN INSERT INTO PAI_PAIS(PAI_CODE_ISO,PAI_NAME) VALUES(76,'BRAZIL')END  ELSE BEGIN PRINT 'EL VALOR YA EXISTE' END
IF (SELECT COUNT(*) FROM PAI_PAIS WHERE PAI_NAME='TAJIKISTAN') =0  BEGIN INSERT INTO PAI_PAIS(PAI_CODE_ISO,PAI_NAME) VALUES(762,'TAJIKISTAN')END  ELSE BEGIN PRINT 'EL VALOR YA EXISTE' END
IF (SELECT COUNT(*) FROM PAI_PAIS WHERE PAI_NAME='THAILAND') =0  BEGIN INSERT INTO PAI_PAIS(PAI_CODE_ISO,PAI_NAME) VALUES(764,'THAILAND')END  ELSE BEGIN PRINT 'EL VALOR YA EXISTE' END
IF (SELECT COUNT(*) FROM PAI_PAIS WHERE PAI_NAME='UNITED ARAB EMIRATES') =0  BEGIN INSERT INTO PAI_PAIS(PAI_CODE_ISO,PAI_NAME) VALUES(784,'UNITED ARAB EMIRATES')END  ELSE BEGIN PRINT 'EL VALOR YA EXISTE' END
IF (SELECT COUNT(*) FROM PAI_PAIS WHERE PAI_NAME='TURKEY') =0  BEGIN INSERT INTO PAI_PAIS(PAI_CODE_ISO,PAI_NAME) VALUES(792,'TURKEY')END  ELSE BEGIN PRINT 'EL VALOR YA EXISTE' END
IF (SELECT COUNT(*) FROM PAI_PAIS WHERE PAI_NAME='ALBANIA') =0  BEGIN INSERT INTO PAI_PAIS(PAI_CODE_ISO,PAI_NAME) VALUES(8,'ALBANIA')END  ELSE BEGIN PRINT 'EL VALOR YA EXISTE' END
IF (SELECT COUNT(*) FROM PAI_PAIS WHERE PAI_NAME='MACEDONIA') =0  BEGIN INSERT INTO PAI_PAIS(PAI_CODE_ISO,PAI_NAME) VALUES(807,'MACEDONIA')END  ELSE BEGIN PRINT 'EL VALOR YA EXISTE' END
IF (SELECT COUNT(*) FROM PAI_PAIS WHERE PAI_NAME='EGYPT') =0  BEGIN INSERT INTO PAI_PAIS(PAI_CODE_ISO,PAI_NAME) VALUES(818,'EGYPT')END  ELSE BEGIN PRINT 'EL VALOR YA EXISTE' END
IF (SELECT COUNT(*) FROM PAI_PAIS WHERE PAI_NAME='BELIZE') =0  BEGIN INSERT INTO PAI_PAIS(PAI_CODE_ISO,PAI_NAME) VALUES(84,'BELIZE')END  ELSE BEGIN PRINT 'EL VALOR YA EXISTE' END
IF (SELECT COUNT(*) FROM PAI_PAIS WHERE PAI_NAME='UNITED STATES') =0  BEGIN INSERT INTO PAI_PAIS(PAI_CODE_ISO,PAI_NAME) VALUES(840,'UNITED STATES')END  ELSE BEGIN PRINT 'EL VALOR YA EXISTE' END
IF (SELECT COUNT(*) FROM PAI_PAIS WHERE PAI_NAME='URUGUAY') =0  BEGIN INSERT INTO PAI_PAIS(PAI_CODE_ISO,PAI_NAME) VALUES(858,'URUGUAY')END  ELSE BEGIN PRINT 'EL VALOR YA EXISTE' END
IF (SELECT COUNT(*) FROM PAI_PAIS WHERE PAI_NAME='VENEZUELA') =0  BEGIN INSERT INTO PAI_PAIS(PAI_CODE_ISO,PAI_NAME) VALUES(862,'VENEZUELA')END  ELSE BEGIN PRINT 'EL VALOR YA EXISTE' END
IF (SELECT COUNT(*) FROM PAI_PAIS WHERE PAI_NAME='YUGOSLAVIA') =0  BEGIN INSERT INTO PAI_PAIS(PAI_CODE_ISO,PAI_NAME) VALUES(891,'YUGOSLAVIA')END  ELSE BEGIN PRINT 'EL VALOR YA EXISTE' END
GO

PRINT '----------------------- INSERTA LAS PROVINCIAS --------------------------------'
IF( SELECT COUNT(*) FROM PROV_PROVINCIAS WHERE PROV_NAME='SAN JOSE')=0 BEGIN INSERT INTO PROV_PROVINCIAS(PROV_CODE,PROV_NAME) VALUES('1','SAN JOSE') END ELSE BEGIN PRINT 'EL VALOR YA EXISTE' END
IF( SELECT COUNT(*) FROM PROV_PROVINCIAS WHERE PROV_NAME='ALAJUELA')=0 BEGIN INSERT INTO PROV_PROVINCIAS(PROV_CODE,PROV_NAME) VALUES('2','ALAJUELA') END ELSE BEGIN PRINT 'EL VALOR YA EXISTE' END
IF( SELECT COUNT(*) FROM PROV_PROVINCIAS WHERE PROV_NAME='CARTAGO')=0 BEGIN INSERT INTO PROV_PROVINCIAS(PROV_CODE,PROV_NAME) VALUES('3','CARTAGO') END ELSE BEGIN PRINT 'EL VALOR YA EXISTE' END
IF( SELECT COUNT(*) FROM PROV_PROVINCIAS WHERE PROV_NAME='HEREDIA')=0 BEGIN INSERT INTO PROV_PROVINCIAS(PROV_CODE,PROV_NAME) VALUES('4','HEREDIA') END ELSE BEGIN PRINT 'EL VALOR YA EXISTE' END
IF( SELECT COUNT(*) FROM PROV_PROVINCIAS WHERE PROV_NAME='GUANACASTE')=0 BEGIN INSERT INTO PROV_PROVINCIAS(PROV_CODE,PROV_NAME) VALUES('5','GUANACASTE') END ELSE BEGIN PRINT 'EL VALOR YA EXISTE' END
IF( SELECT COUNT(*) FROM PROV_PROVINCIAS WHERE PROV_NAME='PUNTARENAS')=0 BEGIN INSERT INTO PROV_PROVINCIAS(PROV_CODE,PROV_NAME) VALUES('6','PUNTARENAS') END ELSE BEGIN PRINT 'EL VALOR YA EXISTE' END
IF( SELECT COUNT(*) FROM PROV_PROVINCIAS WHERE PROV_NAME='LIMON')=0 BEGIN INSERT INTO PROV_PROVINCIAS(PROV_CODE,PROV_NAME) VALUES('7','LIMON') END ELSE BEGIN PRINT 'EL VALOR YA EXISTE' END
IF( SELECT COUNT(*) FROM PROV_PROVINCIAS WHERE PROV_NAME='NINGUNA')=0 BEGIN INSERT INTO PROV_PROVINCIAS(PROV_CODE,PROV_NAME) VALUES('0','NINGUNA') END ELSE BEGIN PRINT 'EL VALOR YA EXISTE' END
GO

    

PRINT '----------------------- INSERTA LOS CANTONES --------------------------------'
IF( SELECT COUNT(*) FROM CAN_CANTONES WHERE CAN_NAME='ACOSTA' AND PROV_CODE='1')=0 BEGIN INSERT INTO CAN_CANTONES(PROV_CODE,CAN_CODE,CAN_NAME) VALUES(1,12,'ACOSTA') END ELSE BEGIN PRINT 'EL VALOR YA EXISTE' END
IF( SELECT COUNT(*) FROM CAN_CANTONES WHERE CAN_NAME='ALAJUELITA' AND PROV_CODE='1')=0 BEGIN INSERT INTO CAN_CANTONES(PROV_CODE,CAN_CODE,CAN_NAME) VALUES(1,10,'ALAJUELITA') END ELSE BEGIN PRINT 'EL VALOR YA EXISTE' END
IF( SELECT COUNT(*) FROM CAN_CANTONES WHERE CAN_NAME='ASERRI' AND PROV_CODE='1')=0 BEGIN INSERT INTO CAN_CANTONES(PROV_CODE,CAN_CODE,CAN_NAME) VALUES(1,6,'ASERRI') END ELSE BEGIN PRINT 'EL VALOR YA EXISTE' END
IF( SELECT COUNT(*) FROM CAN_CANTONES WHERE CAN_NAME='CORONADO' AND PROV_CODE='1')=0 BEGIN INSERT INTO CAN_CANTONES(PROV_CODE,CAN_CODE,CAN_NAME) VALUES(1,11,'CORONADO') END ELSE BEGIN PRINT 'EL VALOR YA EXISTE' END
IF( SELECT COUNT(*) FROM CAN_CANTONES WHERE CAN_NAME='CURRIDABAT' AND PROV_CODE='1')=0 BEGIN INSERT INTO CAN_CANTONES(PROV_CODE,CAN_CODE,CAN_NAME) VALUES(1,18,'CURRIDABAT') END ELSE BEGIN PRINT 'EL VALOR YA EXISTE' END
IF( SELECT COUNT(*) FROM CAN_CANTONES WHERE CAN_NAME='DESAMPARADOS' AND PROV_CODE='1')=0 BEGIN INSERT INTO CAN_CANTONES(PROV_CODE,CAN_CODE,CAN_NAME) VALUES(1,3,'DESAMPARADOS') END ELSE BEGIN PRINT 'EL VALOR YA EXISTE' END
IF( SELECT COUNT(*) FROM CAN_CANTONES WHERE CAN_NAME='DOTA' AND PROV_CODE='1')=0 BEGIN INSERT INTO CAN_CANTONES(PROV_CODE,CAN_CODE,CAN_NAME) VALUES(1,17,'DOTA') END ELSE BEGIN PRINT 'EL VALOR YA EXISTE' END
IF( SELECT COUNT(*) FROM CAN_CANTONES WHERE CAN_NAME='ESCAZU' AND PROV_CODE='1')=0 BEGIN INSERT INTO CAN_CANTONES(PROV_CODE,CAN_CODE,CAN_NAME) VALUES(1,2,'ESCAZU') END ELSE BEGIN PRINT 'EL VALOR YA EXISTE' END
IF( SELECT COUNT(*) FROM CAN_CANTONES WHERE CAN_NAME='GOICOECHEA' AND PROV_CODE='1')=0 BEGIN INSERT INTO CAN_CANTONES(PROV_CODE,CAN_CODE,CAN_NAME) VALUES(1,8,'GOICOECHEA') END ELSE BEGIN PRINT 'EL VALOR YA EXISTE' END
IF( SELECT COUNT(*) FROM CAN_CANTONES WHERE CAN_NAME='LEON CORTES CASTRO' AND PROV_CODE='1')=0 BEGIN INSERT INTO CAN_CANTONES(PROV_CODE,CAN_CODE,CAN_NAME) VALUES(1,20,'LEON CORTES CASTRO') END ELSE BEGIN PRINT 'EL VALOR YA EXISTE' END
IF( SELECT COUNT(*) FROM CAN_CANTONES WHERE CAN_NAME='MONTES DE OCA' AND PROV_CODE='1')=0 BEGIN INSERT INTO CAN_CANTONES(PROV_CODE,CAN_CODE,CAN_NAME) VALUES(1,15,'MONTES DE OCA') END ELSE BEGIN PRINT 'EL VALOR YA EXISTE' END
IF( SELECT COUNT(*) FROM CAN_CANTONES WHERE CAN_NAME='MORA' AND PROV_CODE='1')=0 BEGIN INSERT INTO CAN_CANTONES(PROV_CODE,CAN_CODE,CAN_NAME) VALUES(1,7,'MORA') END ELSE BEGIN PRINT 'EL VALOR YA EXISTE' END
IF( SELECT COUNT(*) FROM CAN_CANTONES WHERE CAN_NAME='MORAVIA' AND PROV_CODE='1')=0 BEGIN INSERT INTO CAN_CANTONES(PROV_CODE,CAN_CODE,CAN_NAME) VALUES(1,14,'MORAVIA') END ELSE BEGIN PRINT 'EL VALOR YA EXISTE' END
IF( SELECT COUNT(*) FROM CAN_CANTONES WHERE CAN_NAME='PEREZ ZELEDON' AND PROV_CODE='1')=0 BEGIN INSERT INTO CAN_CANTONES(PROV_CODE,CAN_CODE,CAN_NAME) VALUES(1,19,'PEREZ ZELEDON') END ELSE BEGIN PRINT 'EL VALOR YA EXISTE' END
IF( SELECT COUNT(*) FROM CAN_CANTONES WHERE CAN_NAME='PURISCAL' AND PROV_CODE='1')=0 BEGIN INSERT INTO CAN_CANTONES(PROV_CODE,CAN_CODE,CAN_NAME) VALUES(1,4,'PURISCAL') END ELSE BEGIN PRINT 'EL VALOR YA EXISTE' END
IF( SELECT COUNT(*) FROM CAN_CANTONES WHERE CAN_NAME='SAN ANA' AND PROV_CODE='1')=0 BEGIN INSERT INTO CAN_CANTONES(PROV_CODE,CAN_CODE,CAN_NAME) VALUES(1,9,'SAN ANA') END ELSE BEGIN PRINT 'EL VALOR YA EXISTE' END
IF( SELECT COUNT(*) FROM CAN_CANTONES WHERE CAN_NAME='SAN JOSE' AND PROV_CODE='1')=0 BEGIN INSERT INTO CAN_CANTONES(PROV_CODE,CAN_CODE,CAN_NAME) VALUES(1,1,'SAN JOSE') END ELSE BEGIN PRINT 'EL VALOR YA EXISTE' END
IF( SELECT COUNT(*) FROM CAN_CANTONES WHERE CAN_NAME='TARRAZU' AND PROV_CODE='1')=0 BEGIN INSERT INTO CAN_CANTONES(PROV_CODE,CAN_CODE,CAN_NAME) VALUES(1,5,'TARRAZU') END ELSE BEGIN PRINT 'EL VALOR YA EXISTE' END
IF( SELECT COUNT(*) FROM CAN_CANTONES WHERE CAN_NAME='TIBAS' AND PROV_CODE='1')=0 BEGIN INSERT INTO CAN_CANTONES(PROV_CODE,CAN_CODE,CAN_NAME) VALUES(1,13,'TIBAS') END ELSE BEGIN PRINT 'EL VALOR YA EXISTE' END
IF( SELECT COUNT(*) FROM CAN_CANTONES WHERE CAN_NAME='TURRUBARES' AND PROV_CODE='1')=0 BEGIN INSERT INTO CAN_CANTONES(PROV_CODE,CAN_CODE,CAN_NAME) VALUES(1,16,'TURRUBARES') END ELSE BEGIN PRINT 'EL VALOR YA EXISTE' END
IF( SELECT COUNT(*) FROM CAN_CANTONES WHERE CAN_NAME='ALAJUELA' AND PROV_CODE='2')=0 BEGIN INSERT INTO CAN_CANTONES(PROV_CODE,CAN_CODE,CAN_NAME) VALUES(2,1,'ALAJUELA') END ELSE BEGIN PRINT 'EL VALOR YA EXISTE' END
IF( SELECT COUNT(*) FROM CAN_CANTONES WHERE CAN_NAME='ALFARO RUIZ' AND PROV_CODE='2')=0 BEGIN INSERT INTO CAN_CANTONES(PROV_CODE,CAN_CODE,CAN_NAME) VALUES(2,11,'ALFARO RUIZ') END ELSE BEGIN PRINT 'EL VALOR YA EXISTE' END
IF( SELECT COUNT(*) FROM CAN_CANTONES WHERE CAN_NAME='ATENAS' AND PROV_CODE='2')=0 BEGIN INSERT INTO CAN_CANTONES(PROV_CODE,CAN_CODE,CAN_NAME) VALUES(2,5,'ATENAS') END ELSE BEGIN PRINT 'EL VALOR YA EXISTE' END
IF( SELECT COUNT(*) FROM CAN_CANTONES WHERE CAN_NAME='GRECIA' AND PROV_CODE='2')=0 BEGIN INSERT INTO CAN_CANTONES(PROV_CODE,CAN_CODE,CAN_NAME) VALUES(2,3,'GRECIA') END ELSE BEGIN PRINT 'EL VALOR YA EXISTE' END
IF( SELECT COUNT(*) FROM CAN_CANTONES WHERE CAN_NAME='GUATUSO' AND PROV_CODE='2')=0 BEGIN INSERT INTO CAN_CANTONES(PROV_CODE,CAN_CODE,CAN_NAME) VALUES(2,15,'GUATUSO') END ELSE BEGIN PRINT 'EL VALOR YA EXISTE' END
IF( SELECT COUNT(*) FROM CAN_CANTONES WHERE CAN_NAME='LOS CHILES' AND PROV_CODE='2')=0 BEGIN INSERT INTO CAN_CANTONES(PROV_CODE,CAN_CODE,CAN_NAME) VALUES(2,14,'LOS CHILES') END ELSE BEGIN PRINT 'EL VALOR YA EXISTE' END
IF( SELECT COUNT(*) FROM CAN_CANTONES WHERE CAN_NAME='NARANJO' AND PROV_CODE='2')=0 BEGIN INSERT INTO CAN_CANTONES(PROV_CODE,CAN_CODE,CAN_NAME) VALUES(2,6,'NARANJO') END ELSE BEGIN PRINT 'EL VALOR YA EXISTE' END
IF( SELECT COUNT(*) FROM CAN_CANTONES WHERE CAN_NAME='OROTINA' AND PROV_CODE='2')=0 BEGIN INSERT INTO CAN_CANTONES(PROV_CODE,CAN_CODE,CAN_NAME) VALUES(2,9,'OROTINA') END ELSE BEGIN PRINT 'EL VALOR YA EXISTE' END
IF( SELECT COUNT(*) FROM CAN_CANTONES WHERE CAN_NAME='PALMARES' AND PROV_CODE='2')=0 BEGIN INSERT INTO CAN_CANTONES(PROV_CODE,CAN_CODE,CAN_NAME) VALUES(2,7,'PALMARES') END ELSE BEGIN PRINT 'EL VALOR YA EXISTE' END
IF( SELECT COUNT(*) FROM CAN_CANTONES WHERE CAN_NAME='POAS' AND PROV_CODE='2')=0 BEGIN INSERT INTO CAN_CANTONES(PROV_CODE,CAN_CODE,CAN_NAME) VALUES(2,8,'POAS') END ELSE BEGIN PRINT 'EL VALOR YA EXISTE' END
IF( SELECT COUNT(*) FROM CAN_CANTONES WHERE CAN_NAME='SAN CARLOS' AND PROV_CODE='2')=0 BEGIN INSERT INTO CAN_CANTONES(PROV_CODE,CAN_CODE,CAN_NAME) VALUES(2,10,'SAN CARLOS') END ELSE BEGIN PRINT 'EL VALOR YA EXISTE' END
IF( SELECT COUNT(*) FROM CAN_CANTONES WHERE CAN_NAME='SAN MATEO' AND PROV_CODE='2')=0 BEGIN INSERT INTO CAN_CANTONES(PROV_CODE,CAN_CODE,CAN_NAME) VALUES(2,4,'SAN MATEO') END ELSE BEGIN PRINT 'EL VALOR YA EXISTE' END
IF( SELECT COUNT(*) FROM CAN_CANTONES WHERE CAN_NAME='SAN RAMON' AND PROV_CODE='2')=0 BEGIN INSERT INTO CAN_CANTONES(PROV_CODE,CAN_CODE,CAN_NAME) VALUES(2,2,'SAN RAMON') END ELSE BEGIN PRINT 'EL VALOR YA EXISTE' END
IF( SELECT COUNT(*) FROM CAN_CANTONES WHERE CAN_NAME='UPALA' AND PROV_CODE='2')=0 BEGIN INSERT INTO CAN_CANTONES(PROV_CODE,CAN_CODE,CAN_NAME) VALUES(2,13,'UPALA') END ELSE BEGIN PRINT 'EL VALOR YA EXISTE' END
IF( SELECT COUNT(*) FROM CAN_CANTONES WHERE CAN_NAME='VALVERDE VEGA' AND PROV_CODE='2')=0 BEGIN INSERT INTO CAN_CANTONES(PROV_CODE,CAN_CODE,CAN_NAME) VALUES(2,12,'VALVERDE VEGA') END ELSE BEGIN PRINT 'EL VALOR YA EXISTE' END
IF( SELECT COUNT(*) FROM CAN_CANTONES WHERE CAN_NAME='ALVARADO' AND PROV_CODE='3')=0 BEGIN INSERT INTO CAN_CANTONES(PROV_CODE,CAN_CODE,CAN_NAME) VALUES(3,6,'ALVARADO') END ELSE BEGIN PRINT 'EL VALOR YA EXISTE' END
IF( SELECT COUNT(*) FROM CAN_CANTONES WHERE CAN_NAME='CENTRAL' AND PROV_CODE='3')=0 BEGIN INSERT INTO CAN_CANTONES(PROV_CODE,CAN_CODE,CAN_NAME) VALUES(3,1,'CENTRAL') END ELSE BEGIN PRINT 'EL VALOR YA EXISTE' END
IF( SELECT COUNT(*) FROM CAN_CANTONES WHERE CAN_NAME='EL GUARCO' AND PROV_CODE='3')=0 BEGIN INSERT INTO CAN_CANTONES(PROV_CODE,CAN_CODE,CAN_NAME) VALUES(3,8,'EL GUARCO') END ELSE BEGIN PRINT 'EL VALOR YA EXISTE' END
IF( SELECT COUNT(*) FROM CAN_CANTONES WHERE CAN_NAME='JIMENEZ' AND PROV_CODE='3')=0 BEGIN INSERT INTO CAN_CANTONES(PROV_CODE,CAN_CODE,CAN_NAME) VALUES(3,4,'JIMENEZ') END ELSE BEGIN PRINT 'EL VALOR YA EXISTE' END
IF( SELECT COUNT(*) FROM CAN_CANTONES WHERE CAN_NAME='LA UNION' AND PROV_CODE='3')=0 BEGIN INSERT INTO CAN_CANTONES(PROV_CODE,CAN_CODE,CAN_NAME) VALUES(3,3,'LA UNION') END ELSE BEGIN PRINT 'EL VALOR YA EXISTE' END
IF( SELECT COUNT(*) FROM CAN_CANTONES WHERE CAN_NAME='OREAMUNO' AND PROV_CODE='3')=0 BEGIN INSERT INTO CAN_CANTONES(PROV_CODE,CAN_CODE,CAN_NAME) VALUES(3,7,'OREAMUNO') END ELSE BEGIN PRINT 'EL VALOR YA EXISTE' END
IF( SELECT COUNT(*) FROM CAN_CANTONES WHERE CAN_NAME='PARAISO' AND PROV_CODE='3')=0 BEGIN INSERT INTO CAN_CANTONES(PROV_CODE,CAN_CODE,CAN_NAME) VALUES(3,2,'PARAISO') END ELSE BEGIN PRINT 'EL VALOR YA EXISTE' END
IF( SELECT COUNT(*) FROM CAN_CANTONES WHERE CAN_NAME='TURRIALBA' AND PROV_CODE='3')=0 BEGIN INSERT INTO CAN_CANTONES(PROV_CODE,CAN_CODE,CAN_NAME) VALUES(3,5,'TURRIALBA') END ELSE BEGIN PRINT 'EL VALOR YA EXISTE' END
IF( SELECT COUNT(*) FROM CAN_CANTONES WHERE CAN_NAME='BARVA' AND PROV_CODE='4')=0 BEGIN INSERT INTO CAN_CANTONES(PROV_CODE,CAN_CODE,CAN_NAME) VALUES(4,2,'BARVA') END ELSE BEGIN PRINT 'EL VALOR YA EXISTE' END
IF( SELECT COUNT(*) FROM CAN_CANTONES WHERE CAN_NAME='BELEN' AND PROV_CODE='4')=0 BEGIN INSERT INTO CAN_CANTONES(PROV_CODE,CAN_CODE,CAN_NAME) VALUES(4,7,'BELEN') END ELSE BEGIN PRINT 'EL VALOR YA EXISTE' END
IF( SELECT COUNT(*) FROM CAN_CANTONES WHERE CAN_NAME='FLORES' AND PROV_CODE='4')=0 BEGIN INSERT INTO CAN_CANTONES(PROV_CODE,CAN_CODE,CAN_NAME) VALUES(4,8,'FLORES') END ELSE BEGIN PRINT 'EL VALOR YA EXISTE' END
IF( SELECT COUNT(*) FROM CAN_CANTONES WHERE CAN_NAME='HEREDIA' AND PROV_CODE='4')=0 BEGIN INSERT INTO CAN_CANTONES(PROV_CODE,CAN_CODE,CAN_NAME) VALUES(4,1,'HEREDIA') END ELSE BEGIN PRINT 'EL VALOR YA EXISTE' END
IF( SELECT COUNT(*) FROM CAN_CANTONES WHERE CAN_NAME='SAN ISIDRO' AND PROV_CODE='4')=0 BEGIN INSERT INTO CAN_CANTONES(PROV_CODE,CAN_CODE,CAN_NAME) VALUES(4,6,'SAN ISIDRO') END ELSE BEGIN PRINT 'EL VALOR YA EXISTE' END
IF( SELECT COUNT(*) FROM CAN_CANTONES WHERE CAN_NAME='SAN PABLO' AND PROV_CODE='4')=0 BEGIN INSERT INTO CAN_CANTONES(PROV_CODE,CAN_CODE,CAN_NAME) VALUES(4,9,'SAN PABLO') END ELSE BEGIN PRINT 'EL VALOR YA EXISTE' END
IF( SELECT COUNT(*) FROM CAN_CANTONES WHERE CAN_NAME='SAN RAFAEL' AND PROV_CODE='4')=0 BEGIN INSERT INTO CAN_CANTONES(PROV_CODE,CAN_CODE,CAN_NAME) VALUES(4,5,'SAN RAFAEL') END ELSE BEGIN PRINT 'EL VALOR YA EXISTE' END
IF( SELECT COUNT(*) FROM CAN_CANTONES WHERE CAN_NAME='SANTA BARBARA' AND PROV_CODE='4')=0 BEGIN INSERT INTO CAN_CANTONES(PROV_CODE,CAN_CODE,CAN_NAME) VALUES(4,4,'SANTA BARBARA') END ELSE BEGIN PRINT 'EL VALOR YA EXISTE' END
IF( SELECT COUNT(*) FROM CAN_CANTONES WHERE CAN_NAME='SANTO DOMINGO' AND PROV_CODE='4')=0 BEGIN INSERT INTO CAN_CANTONES(PROV_CODE,CAN_CODE,CAN_NAME) VALUES(4,3,'SANTO DOMINGO') END ELSE BEGIN PRINT 'EL VALOR YA EXISTE' END
IF( SELECT COUNT(*) FROM CAN_CANTONES WHERE CAN_NAME='SARAPIQUI' AND PROV_CODE='4')=0 BEGIN INSERT INTO CAN_CANTONES(PROV_CODE,CAN_CODE,CAN_NAME) VALUES(4,10,'SARAPIQUI') END ELSE BEGIN PRINT 'EL VALOR YA EXISTE' END
IF( SELECT COUNT(*) FROM CAN_CANTONES WHERE CAN_NAME='ABANGARES' AND PROV_CODE='5')=0 BEGIN INSERT INTO CAN_CANTONES(PROV_CODE,CAN_CODE,CAN_NAME) VALUES(5,7,'ABANGARES') END ELSE BEGIN PRINT 'EL VALOR YA EXISTE' END
IF( SELECT COUNT(*) FROM CAN_CANTONES WHERE CAN_NAME='BAGACES' AND PROV_CODE='5')=0 BEGIN INSERT INTO CAN_CANTONES(PROV_CODE,CAN_CODE,CAN_NAME) VALUES(5,4,'BAGACES') END ELSE BEGIN PRINT 'EL VALOR YA EXISTE' END
IF( SELECT COUNT(*) FROM CAN_CANTONES WHERE CAN_NAME='CANAS' AND PROV_CODE='5')=0 BEGIN INSERT INTO CAN_CANTONES(PROV_CODE,CAN_CODE,CAN_NAME) VALUES(5,6,'CANAS') END ELSE BEGIN PRINT 'EL VALOR YA EXISTE' END
IF( SELECT COUNT(*) FROM CAN_CANTONES WHERE CAN_NAME='CARRILLO' AND PROV_CODE='5')=0 BEGIN INSERT INTO CAN_CANTONES(PROV_CODE,CAN_CODE,CAN_NAME) VALUES(5,5,'CARRILLO') END ELSE BEGIN PRINT 'EL VALOR YA EXISTE' END
IF( SELECT COUNT(*) FROM CAN_CANTONES WHERE CAN_NAME='HOJANCHA' AND PROV_CODE='5')=0 BEGIN INSERT INTO CAN_CANTONES(PROV_CODE,CAN_CODE,CAN_NAME) VALUES(5,11,'HOJANCHA') END ELSE BEGIN PRINT 'EL VALOR YA EXISTE' END
IF( SELECT COUNT(*) FROM CAN_CANTONES WHERE CAN_NAME='LA CRUZ' AND PROV_CODE='5')=0 BEGIN INSERT INTO CAN_CANTONES(PROV_CODE,CAN_CODE,CAN_NAME) VALUES(5,10,'LA CRUZ') END ELSE BEGIN PRINT 'EL VALOR YA EXISTE' END
IF( SELECT COUNT(*) FROM CAN_CANTONES WHERE CAN_NAME='LIBERIA' AND PROV_CODE='5')=0 BEGIN INSERT INTO CAN_CANTONES(PROV_CODE,CAN_CODE,CAN_NAME) VALUES(5,1,'LIBERIA') END ELSE BEGIN PRINT 'EL VALOR YA EXISTE' END
IF( SELECT COUNT(*) FROM CAN_CANTONES WHERE CAN_NAME='NANDAYURE' AND PROV_CODE='5')=0 BEGIN INSERT INTO CAN_CANTONES(PROV_CODE,CAN_CODE,CAN_NAME) VALUES(5,9,'NANDAYURE') END ELSE BEGIN PRINT 'EL VALOR YA EXISTE' END
IF( SELECT COUNT(*) FROM CAN_CANTONES WHERE CAN_NAME='NICOYA' AND PROV_CODE='5')=0 BEGIN INSERT INTO CAN_CANTONES(PROV_CODE,CAN_CODE,CAN_NAME) VALUES(5,2,'NICOYA') END ELSE BEGIN PRINT 'EL VALOR YA EXISTE' END
IF( SELECT COUNT(*) FROM CAN_CANTONES WHERE CAN_NAME='SANTA CRUZ' AND PROV_CODE='5')=0 BEGIN INSERT INTO CAN_CANTONES(PROV_CODE,CAN_CODE,CAN_NAME) VALUES(5,3,'SANTA CRUZ') END ELSE BEGIN PRINT 'EL VALOR YA EXISTE' END
IF( SELECT COUNT(*) FROM CAN_CANTONES WHERE CAN_NAME='TILARAN' AND PROV_CODE='5')=0 BEGIN INSERT INTO CAN_CANTONES(PROV_CODE,CAN_CODE,CAN_NAME) VALUES(5,8,'TILARAN') END ELSE BEGIN PRINT 'EL VALOR YA EXISTE' END
IF( SELECT COUNT(*) FROM CAN_CANTONES WHERE CAN_NAME='AGUIRRE' AND PROV_CODE='6')=0 BEGIN INSERT INTO CAN_CANTONES(PROV_CODE,CAN_CODE,CAN_NAME) VALUES(6,6,'AGUIRRE') END ELSE BEGIN PRINT 'EL VALOR YA EXISTE' END
IF( SELECT COUNT(*) FROM CAN_CANTONES WHERE CAN_NAME='BUENOS AIRES' AND PROV_CODE='6')=0 BEGIN INSERT INTO CAN_CANTONES(PROV_CODE,CAN_CODE,CAN_NAME) VALUES(6,3,'BUENOS AIRES') END ELSE BEGIN PRINT 'EL VALOR YA EXISTE' END
IF( SELECT COUNT(*) FROM CAN_CANTONES WHERE CAN_NAME='CORREDORES' AND PROV_CODE='6')=0 BEGIN INSERT INTO CAN_CANTONES(PROV_CODE,CAN_CODE,CAN_NAME) VALUES(6,10,'CORREDORES') END ELSE BEGIN PRINT 'EL VALOR YA EXISTE' END
IF( SELECT COUNT(*) FROM CAN_CANTONES WHERE CAN_NAME='COTO BRUS' AND PROV_CODE='6')=0 BEGIN INSERT INTO CAN_CANTONES(PROV_CODE,CAN_CODE,CAN_NAME) VALUES(6,8,'COTO BRUS') END ELSE BEGIN PRINT 'EL VALOR YA EXISTE' END
IF( SELECT COUNT(*) FROM CAN_CANTONES WHERE CAN_NAME='PUNTARENAS' AND PROV_CODE='6')=0 BEGIN INSERT INTO CAN_CANTONES(PROV_CODE,CAN_CODE,CAN_NAME) VALUES(6,1,'PUNTARENAS') END ELSE BEGIN PRINT 'EL VALOR YA EXISTE' END
IF( SELECT COUNT(*) FROM CAN_CANTONES WHERE CAN_NAME='ESPARZA' AND PROV_CODE='6')=0 BEGIN INSERT INTO CAN_CANTONES(PROV_CODE,CAN_CODE,CAN_NAME) VALUES(6,2,'ESPARZA') END ELSE BEGIN PRINT 'EL VALOR YA EXISTE' END
IF( SELECT COUNT(*) FROM CAN_CANTONES WHERE CAN_NAME='GARABITO' AND PROV_CODE='6')=0 BEGIN INSERT INTO CAN_CANTONES(PROV_CODE,CAN_CODE,CAN_NAME) VALUES(6,11,'GARABITO') END ELSE BEGIN PRINT 'EL VALOR YA EXISTE' END
IF( SELECT COUNT(*) FROM CAN_CANTONES WHERE CAN_NAME='GOLFITO' AND PROV_CODE='6')=0 BEGIN INSERT INTO CAN_CANTONES(PROV_CODE,CAN_CODE,CAN_NAME) VALUES(6,7,'GOLFITO') END ELSE BEGIN PRINT 'EL VALOR YA EXISTE' END
IF( SELECT COUNT(*) FROM CAN_CANTONES WHERE CAN_NAME='MONTES DE ORO' AND PROV_CODE='6')=0 BEGIN INSERT INTO CAN_CANTONES(PROV_CODE,CAN_CODE,CAN_NAME) VALUES(6,4,'MONTES DE ORO') END ELSE BEGIN PRINT 'EL VALOR YA EXISTE' END
IF( SELECT COUNT(*) FROM CAN_CANTONES WHERE CAN_NAME='OSA' AND PROV_CODE='6')=0 BEGIN INSERT INTO CAN_CANTONES(PROV_CODE,CAN_CODE,CAN_NAME) VALUES(6,5,'OSA') END ELSE BEGIN PRINT 'EL VALOR YA EXISTE' END
IF( SELECT COUNT(*) FROM CAN_CANTONES WHERE CAN_NAME='PARRITA' AND PROV_CODE='6')=0 BEGIN INSERT INTO CAN_CANTONES(PROV_CODE,CAN_CODE,CAN_NAME) VALUES(6,9,'PARRITA') END ELSE BEGIN PRINT 'EL VALOR YA EXISTE' END
IF( SELECT COUNT(*) FROM CAN_CANTONES WHERE CAN_NAME='GUACIMO' AND PROV_CODE='7')=0 BEGIN INSERT INTO CAN_CANTONES(PROV_CODE,CAN_CODE,CAN_NAME) VALUES(7,6,'GUACIMO') END ELSE BEGIN PRINT 'EL VALOR YA EXISTE' END
IF( SELECT COUNT(*) FROM CAN_CANTONES WHERE CAN_NAME='LIMON' AND PROV_CODE='7')=0 BEGIN INSERT INTO CAN_CANTONES(PROV_CODE,CAN_CODE,CAN_NAME) VALUES(7,1,'LIMON') END ELSE BEGIN PRINT 'EL VALOR YA EXISTE' END
IF( SELECT COUNT(*) FROM CAN_CANTONES WHERE CAN_NAME='MATINA' AND PROV_CODE='7')=0 BEGIN INSERT INTO CAN_CANTONES(PROV_CODE,CAN_CODE,CAN_NAME) VALUES(7,5,'MATINA') END ELSE BEGIN PRINT 'EL VALOR YA EXISTE' END
IF( SELECT COUNT(*) FROM CAN_CANTONES WHERE CAN_NAME='POCOCI' AND PROV_CODE='7')=0 BEGIN INSERT INTO CAN_CANTONES(PROV_CODE,CAN_CODE,CAN_NAME) VALUES(7,2,'POCOCI') END ELSE BEGIN PRINT 'EL VALOR YA EXISTE' END
IF( SELECT COUNT(*) FROM CAN_CANTONES WHERE CAN_NAME='SIQUIRRES' AND PROV_CODE='7')=0 BEGIN INSERT INTO CAN_CANTONES(PROV_CODE,CAN_CODE,CAN_NAME) VALUES(7,3,'SIQUIRRES') END ELSE BEGIN PRINT 'EL VALOR YA EXISTE' END
IF( SELECT COUNT(*) FROM CAN_CANTONES WHERE CAN_NAME='TALAMANCA' AND PROV_CODE='7')=0 BEGIN INSERT INTO CAN_CANTONES(PROV_CODE,CAN_CODE,CAN_NAME) VALUES(7,4,'TALAMANCA') END ELSE BEGIN PRINT 'EL VALOR YA EXISTE' END
IF( SELECT COUNT(*) FROM CAN_CANTONES WHERE CAN_NAME='NINGUNO' AND PROV_CODE='0')=0 BEGIN INSERT INTO CAN_CANTONES(PROV_CODE,CAN_CODE,CAN_NAME) VALUES(0,0,'NINGUNO') END ELSE BEGIN PRINT 'EL VALOR YA EXISTE' END
GO